"last_name, first_name","player_id","year","p_formatted_ip","k_percent","bb_percent","woba","xwoba","barrel_batted_rate","hard_hit_percent","avg_best_speed","avg_hyper_speed","whiff_percent","swing_percent","ff_avg_speed","ff_avg_break_z","sl_avg_speed","sl_avg_break_x","sl_avg_break_z","ch_avg_speed","ch_avg_spin","ch_avg_break_x","ch_avg_break_z","cu_avg_speed","cu_avg_break_x","cu_avg_break_z","si_avg_speed","si_avg_break_x","si_avg_break_z","fc_avg_speed","fc_avg_break_x","fc_avg_break_z","fs_avg_speed","fs_avg_break_x","fs_avg_break_z","st_avg_speed","st_avg_break_x","st_avg_break_z","sv_avg_speed","sv_avg_break_x","sv_avg_break_z"
"Fried, Max",608331,2024,"174.1",23.2,8,".273",".299",5,34.6,"73.871292176","93.362715837",24.1,45.9,"93.8","-19.8","83.6","-5.1","-43.7","85.7","1421","12.1","-32.7","74.6","-10.5","-66.6","93.6","10.4","-22.8","88.3","-3.1","-31.8",,,,"80.5","-16.2","-50.3",,,
"Canning, Griffin",656288,2024,"171.2",17.6,8.9,".341",".334",8.6,41.9,"80.443886517","94.700505891",24.5,48.4,"93.4","-15.2","87.7","-0.1","-36.7","88.6","1770","-16.4","-30.6","80.5","12.4","-48.4","92.9","-13.8","-18.8",,,,,,,,,,,,
"Montgomery, Jordan",656756,2024,"117.0",15.6,8.3,".370",".347",6,41,"77.212722234","94.218289135",26.9,49.6,"92.1","-17.1","84.2","-3","-35.4","83.1","1606","10.2","-27.8","79.2","-4.3","-50.8","91.8","14.7","-22.3",,,,,,,,,,,,
"Bradley, Taj",671737,2024,"138.0",26.6,8.1,".308",".314",10.2,42.9,"81.556942554","94.766375924",27.4,50.7,"96.4","-11",,,,,,,,"79.1","6.9","-62",,,,"90.9","4.5","-27","90.9","-10.7","-27.6",,,,,,
"Kikuchi, Yusei",579328,2024,"175.2",28,6,".297",".298",9.7,45,"79.146503958","94.844128643",29,48.4,"95.5","-13.2","88.3","-2.7","-31.9","86.8","1655","12.7","-27.7","82.4","-4.9","-45.1",,,,,,,,,,,,,,,
"Anderson, Tyler",542881,2024,"179.1",18.6,9.5,".308",".322",7.9,33,"76.273537333","93.1219435",27.8,49.3,"89.5","-14.7","81.3","-3.8","-36.6","78.9","1886","12.5","-31.7","71.6","-1.2","-63.5","88.1","17.5","-27","84.3","-3.7","-26.8",,,,,,,,,
"Martinez, Nick",607259,2024,"142.1",20.4,3.2,".279",".278",5.1,30.5,"74.850496934","92.978959505",23.1,51.1,"92.6","-14","84.9","1.2","-35.1","80.1","2105","-12.6","-35.8","80.8","-0.1","-55.7","92","-12.9","-17.8","89.1","2","-22.4",,,,,,,,,
"Suárez, Ranger",624133,2024,"150.2",23.2,6.5,".297",".297",5.1,34.3,"74.743507217","93.618829764",21.9,47.3,"91.8","-20","81.3","-7.6","-43.6","80","1231","10.7","-41.2","74.4","-11.7","-59.7","90.8","15.2","-28.3","86.5","-3.7","-31.2",,,,,,,,,
"Crawford, Kutter",676710,2024,"183.2",23.1,6.7,".304",".304",9.9,36.3,"77.710617066","93.646279363",25.3,52,"92.6","-12.4",,,,,,,,"77.3","7.9","-59.8",,,,"87.5","5.1","-26.9","82.4","-7.1","-31.7","80.8","12.8","-40.3",,,
"Cortes Jr., Nestor",641482,2024,"174.1",22.8,5.5,".307",".295",7.9,43.6,"79.122676225","94.470879177",24.2,50.4,"92","-13.4","81.7","-2.5","-47.2","83.6","1409","13.7","-34.9",,,,"90.2","3.7","-15.2","87.5","-4.6","-26.9",,,,"78.1","-14.9","-43.1",,,
"Montas, Frankie",593423,2024,"150.2",22.6,10.1,".325",".333",9.2,43.1,"77.762357972","94.576313396",24.9,48.7,"95.6","-14.5","85.4","7.5","-33.9",,,,,,,,"94.8","-13.8","-21.2","90.4","1.9","-27.5","86","-9.4","-34.3",,,,,,
"Brown, Hunter",686613,2024,"170.0",25.1,8.4,".296",".283",4.5,30.3,"74.687517768","92.855098176",25.1,46.3,"96","-12.3","89.3","3.7","-29.9","88.4","1463","-14","-26.3","82.9","4.7","-55.5","95.6","-13.6","-16.5","92.4","3.3","-22",,,,,,,,,
"Falter, Bailey",663559,2024,"142.1",16.5,7.6,".320",".336",9,41.3,"79.920380413","94.430660482",19.6,49.5,"91.8","-14.6","86.1","-3.3","-30.5",,,,,"77.7","-3.7","-48.6","92","7.9","-15.4",,,,"86.9","7.3","-21.2",,,,,,
"Rea, Colin",607067,2024,"167.2",18.9,6,".327",".339",8.7,42,"80.213678192","94.594415173",19.3,46.8,"93","-17.8",,,,,,,,"78.7","10","-53.7","92.3","-13.9","-23.1","87.6","2.1","-28.3","86.5","-13.8","-32.5","82","12.8","-41.7",,,
"Kremer, Dean",665152,2024,"129.2",22.2,9.2,".294",".326",9.8,35.4,"75.880741892","93.507892033",23.3,46.2,"93.4","-13.5",,,,,,,,"77","8.6","-60.7","92.2","-14.6","-20.1","86.9","5.5","-30.4","84.1","-8.9","-30.9",,,,,,
"Wacha, Michael",608379,2024,"166.2",21.2,6.6,".300",".311",8.2,32.5,"75.614261583","93.109005646",23.3,48.5,"93.6","-13.3","84.1","2.7","-37.1","81.2","1548","-13","-36.2","75.2","12.3","-60.8","93.6","-12.8","-16.6","88.8","1.2","-24.3",,,,,,,,,
"Heaney, Andrew",571760,2024,"160.0",22.9,5.9,".312",".325",8.3,40.1,"78.990582236","94.388347616",26.3,50.3,"91.6","-19.2","82.6","-2.2","-39","83.7","2105","17.4","-33.7","75.5","-9.2","-54.9","92.2","19.5","-28","84.7","5.1","-33",,,,,,,"80.1","-9.5","-46.3"
"Ragans, Cole",666142,2024,"186.1",29.3,8.8,".277",".283",6.2,35.4,"77.675891223","93.553010853",32,48.9,"95.4","-12.9","86","-0.9","-36.3","84.8","2161","16","-25.9","80.8","-10.2","-55","96.3","14.1","-12.7","90.8","1","-23.2",,,,,,,,,
"Cease, Dylan",656302,2024,"189.1",29.4,8.5,".266",".283",8.5,38.6,"78.282702241","94.084709267",32.4,48.2,"96.9","-10.8","87.7","2.2","-33.6","69.7","1554","-4.3","-39.3","82.3","3.1","-56.6","98.1","-10","-12.5","91.8","3","-26.2",,,,"82.6","11.2","-51.6",,,
"Miller, Bryce",682243,2024,"180.1",24.3,6.4,".260",".299",9.7,41.2,"80.650222167","94.328141625",24.4,48.9,"95.2","-11.9","86.6","3.2","-34.9",,,,,"85","1.7","-44.6","94.7","-15.9","-19.5","92.1","0.3","-18.6","84.4","-9.9","-38.2","82.4","14.8","-45.7",,,
"Waldron, Matt",663362,2024,"146.2",21.3,6.4,".323",".313",7,35,"77.177450505","93.585477592",20.8,45.3,"90.7","-19",,,,,,,,,,,"90","-15.4","-25.7","87","0.8","-26.4",,,,"79.3","13.3","-39",,,
"Peterson, David",656849,2024,"121.0",19.8,9,".299",".329",7.3,42.7,"78.331204972","94.426613853",25.6,47.8,"93.2","-17.9","85.1","-2.6","-38.2","84.7","1637","14.6","-34.6","79.1","-6.1","-53","91.9","14.6","-25.5",,,,,,,,,,,,
"Gray, Sonny",543243,2024,"166.1",30.3,5.8,".292",".297",8.9,37.9,"79.276406538","94.211961253",29.8,48.7,"92.4","-19.8",,,,"88.3","1704","-11.2","-29.8","79.9","12.1","-57.8","92.7","-11.4","-23.5","87.7","5.5","-34.5",,,,"84.8","15.8","-43.7",,,
"Sears, JP",676664,2024,"180.2",18.1,6.5,".324",".324",10.2,40.2,"78.173332182","94.379787855",21.8,48.7,"91.9","-17.7","79.3","-6.2","-35.4","84","1675","16.6","-36.3","79.2","-5.4","-46.7","90","16.1","-27.6",,,,,,,"78.7","-13.3","-39.9",,,
"Stroman, Marcus",573186,2024,"154.2",16.7,8.9,".341",".340",6.7,40.2,"78.437503663","94.344487814",20.4,43.9,"90","-23.1","85.3","4.5","-39.6",,,,,"76.2","15.2","-53.6","90","-9.9","-30.4","88.1","1","-29.2","83.3","-14.8","-35.7",,,,"82.2","15.7","-41.8"
"Gilbert, Logan",669302,2024,"208.2",27.4,4.6,".255",".276",7.2,39.3,"78.976067127","94.386132799",31.7,50.4,"96.6","-13.1","88.4","1","-35.2",,,,,"83.2","13.5","-43.6","95.5","-15.1","-19.6","92.3","3","-20.2","84.5","-5.9","-38",,,,,,
"Myers, Tobias",668964,2024,"138.0",22.3,6.3,".297",".317",8,38.7,"79.298209695","94.361623995",21.3,49.6,"92.9","-12.6","85.5","4.2","-33.9","81.1","1856","-11.7","-29.1","77.8","1.8","-52.2","94.5","-4.4","-12.4","89.2","3.3","-21.8",,,,,,,,,
"Skenes, Paul",694973,2024,"133.0",33.1,6.2,".247",".248",5.2,36.3,"76.618528618","93.629853102",28.7,49.8,"98.8","-17.4","86.6","1.6","-29.8","87.3","2044","-17.5","-32.5","83","7.1","-43.6","98.3","-15.2","-23.6",,,,"94","-14","-30.3","84.7","11.6","-32.7",,,
"Pfaadt, Brandon",694297,2024,"181.2",24.3,5.5,".312",".301",8.1,39.4,"78.684914866","94.224942476",25.4,49.3,"93.8","-16.1",,,,"87.5","2073","-15.5","-32","80.8","12.8","-50.1","93.7","-15.1","-24.6",,,,"89.6","-4.1","-25.7","84.8","11.3","-31.5",,,
"King, Michael",650633,2024,"173.2",27.7,8.7,".284",".293",6.2,30.3,"73.981359732","92.671656987",29.3,45.4,"93.7","-16.2","85.7","3.7","-35.7","86.7","2045","-17.6","-31.4",,,,"92.9","-16.3","-26.3",,,,,,,"82","15","-37.5",,,
"Pallante, Andre",669467,2024,"121.1",18.5,9.4,".293",".289",3.3,38.1,"75.339766989","93.795724801",19.8,46.4,"94.5","-21.1","87.5","4.9","-37.1",,,,,"79.5","4.2","-59.1","94.8","-10.3","-15.7",,,,,,,,,,,,
"Rodón, Carlos",607074,2024,"175.0",26.5,7.7,".320",".314",11,40.9,"80.220048043","94.543522745",30.1,49.4,"95.4","-12.4","86.8","-6.6","-37.5","85.5","1656","12.5","-34.3","81","-6.3","-52.3","95.6","6.6","-13","91.8","-0.3","-21.4",,,,,,,,,
"Feltner, Ryan",663372,2024,"162.1",19.9,7.5,".320",".320",6.5,36.8,"76.695048857","93.803345297",23.9,48.1,"94.6","-16.9","88.6","4.1","-29.5","85.2","1590","-5.5","-32.3","79.2","9.4","-51.8","94.2","-12.7","-22.3",,,,,,,"82.7","11.7","-38.1",,,
"Bello, Brayan",678394,2024,"162.1",21.8,9.1,".319",".328",7.4,41.1,"76.384630975","94.524067665",25.9,46.3,"95.7","-17.3","86.8","7.8","-36.9","87.6","1810","-16.1","-32.5",,,,"95.7","-17.2","-26",,,,,,,,,,,,
"Parker, Mitchell",680730,2024,"151.0",20.6,6.7,".311",".322",8.1,38.9,"79.509350699","94.140672817",22.3,51.4,"92.5","-14.4","84.5","-5.7","-34.7",,,,,"80.5","-2.4","-50",,,,,,,"85.6","6.9","-29.1",,,,,,
"Quintana, Jose",500779,2024,"170.1",18.8,8.8,".312",".327",6.7,38.2,"76.44604848","93.89600374",22.2,43.1,"90.7","-17.2",,,,"85.7","1323","14.3","-33.1","77.6","-6.9","-53.5","90.8","13.9","-20.6",,,,,,,,,,"77.9","-10.1","-47.1"
"Gore, MacKenzie",669022,2024,"166.1",24.8,8.9,".324",".316",6.8,38.1,"76.776975684","93.73951438",28.6,50.4,"96","-12.1","86.6","-1.4","-36.2","85.9","2018","12.4","-27.7","82.8","-0.5","-50.1",,,,"91.1","-1.4","-24.1",,,,"85.8","-8.6","-34.7",,,
"Rogers, Trevor",669432,2024,"124.1",17.3,10,".350",".347",8.4,44.4,"80.391399303","94.92394505",20.9,46.2,"91.9","-17.8","82.4","-3.8","-35.1","85.6","1626","14.4","-37.2",,,,"91.5","17.8","-25.2",,,,,,,,,,,,
"Pepiot, Ryan",686752,2024,"130.0",26.3,8.9,".290",".295",9.1,37.2,"79.441531647","93.814038824",29.9,48,"94.9","-11.1","89","6.4","-26.1","85.8","2477","-15.4","-35","80.6","15.8","-53.2","93.8","-6.6","-15.4","91.6","2.9","-18.6",,,,,,,,,
"Eflin, Zach",621107,2024,"165.1",19.6,3.5,".297",".297",7.5,36.1,"76.388751434","94.040596667",21.6,50,"92.5","-19.2","80.8","4.1","-33.8","85.6","1596","-15.2","-34.4","78.8","11.2","-50.6","91.7","-15.7","-28.1","88.2","1.4","-26.4",,,,"79.7","13.2","-40.6",,,
"Jones, Jared",683003,2024,"121.2",26.2,7.7,".314",".311",9.8,44.5,"79.019910366","94.534128685",30.2,51.6,"97.3","-11.8","88.8","3.8","-32","89.9","1733","-11.9","-28.1","81.5","6.3","-52","97.8","-9.3","-12.6",,,,,,,,,,,,
"Sale, Chris",519242,2024,"177.2",32.1,5.6,".260",".261",5.6,31.2,"75.016805094","93.046190662",31,49,"94.9","-20.5","78.6","-11","-49.3","87.1","1886","16.2","-36",,,,"94.1","17.8","-28.3",,,,,,,,,,,,
"Manaea, Sean",640455,2024,"181.2",24.9,8.5,".275",".300",7.5,37.8,"77.674456946","93.857812243",26.1,49,"92.2","-21.5","85.1","-3.5","-31.6","85.3","1502","14.4","-33.8",,,,"92.5","16.9","-22.5","88.4","-0.2","-27.4",,,,"77.7","-13","-44.1",,,
"Corbin, Patrick",571578,2024,"174.2",18.2,7.1,".357",".357",8.3,46.7,"79.877843129","95.30570991",22.4,48.2,"91.2","-18.4","80","-2.7","-42.5","81","1570","12.7","-32","69.7","-2.9","-57.2","91.5","13.9","-21.8","85.7","-2.1","-32.5",,,,,,,,,
"Severino, Luis",622663,2024,"182.0",21.2,7.9,".308",".305",5.7,35.6,"75.272418577","93.515669191",22,50.6,"96.2","-13.9","86.8","7.2","-35.4","86.1","1583","-14","-29.8",,,,"95.6","-14.5","-18.4","92.6","1.3","-24",,,,"85.1","15","-35.2",,,
"Skubal, Tarik",669373,2024,"192.0",30.3,4.6,".246",".257",6.7,33.9,"76.236530506","93.34039981",31.9,51.8,"96.9","-12.9","88.7","-2.3","-28.5","86.3","1686","14.9","-30.8","78.5","-5.6","-52.2","96.6","14.5","-17.1",,,,,,,,,,,,
"Morton, Charlie",450203,2024,"165.1",23.8,9.3,".335",".326",9.3,38.4,"77.729736875","93.929105313",26.1,46.6,"94.1","-20.4",,,,"85","2172","-17.2","-37.8","81.5","13.6","-50.2","93.6","-17.3","-27.7","88.5","0","-29",,,,,,,,,
"Fedde, Erick",607200,2024,"177.1",21.2,7.2,".293",".306",7.6,37.7,"77.502500545","93.941632164",21.6,45.5,"93.3","-19.5",,,,"87.7","1730","-10.9","-31.8",,,,"93","-9.1","-22.3","89.9","2.8","-26.5",,,,"83.5","11.7","-34.4",,,
"Woods Richardson, Simeon",680573,2024,"133.2",20.6,8.4,".305",".310",8.2,36.2,"78.06318392","93.54377801",22.3,49.8,"93.1","-14.1","86.4","6.2","-29.4","82.8","2271","-15.4","-30.2","76.1","5.5","-62.4",,,,,,,,,,,,,,,
"Abbott, Andrew",671096,2024,"138.0",19.5,8.9,".323",".310",9.3,33.5,"78.18333039","93.177609095",22.6,47.6,"92.8","-15.5","85.1","-4.5","-26.7","84.8","2115","14.8","-25.6","80.8","-8.8","-45.7",,,,,,,,,,"82.9","-12.6","-35.3",,,
"Marsh, Alec",679525,2024,"129.0",22.4,7.1,".325",".341",9.6,40.9,"78.827178162","94.623945041",23.5,47.6,"94.2","-15.9","86.6","3.3","-36.1","86.3","1748","-14.7","-33.2","82.8","7.5","-47","93.6","-16.8","-24",,,,,,,"86.1","11","-38.8",,,
"Bibee, Tanner",676440,2024,"173.2",26.3,6.2,".299",".300",7,36.9,"77.504108675","93.719329103",26.9,51,"94.6","-14.7","83.2","14.9","-39.5","82.5","1992","-13.7","-28.6","80.6","14","-48","93.9","-14.1","-22.7","86.5","8.3","-32.5",,,,,,,,,
"Suárez, Albert",544150,2024,"133.2",19.1,7.6,".320",".311",7.1,38.4,"78.437722921","93.664169109",24.6,50.4,"94.8","-14.1",,,,"86.1","2017","-16.3","-29.1","79","5.7","-50.6",,,,"86.3","2.6","-28.6",,,,,,,"81.7","9.7","-40.4"
"Gomber, Austin",596295,2024,"165.0",16.7,5.5,".339",".344",9.6,41.2,"80.036265299","94.432492071",19.9,48.3,"90.4","-16.4","83.8","-5.1","-35.3","81.1","1664","10.1","-31","77.6","-7.5","-56.3","90.2","14.7","-18.5",,,,,,,,,,,,
"Crochet, Garrett",676979,2024,"146.0",35.1,5.5,".280",".263",9.2,38.8,"76.536271919","94.146127471",33.1,53.2,"97.2","-13.5",,,,"91","2082","15.9","-24.1",,,,"97.9","15.5","-20.3","91.5","-3.8","-26.7",,,,"84.2","-14.4","-39.3",,,
"Harrison, Kyle",690986,2024,"124.1",22.2,7.9,".330",".338",10.1,44.1,"80.405098066","94.933663315",23.6,46.2,"92.5","-21.3","88.2","1.5","-30.9","84.8","1946","16.4","-37.1","73.7","-5.6","-61.4","92.7","14.2","-20.9",,,,,,,,,,"80.6","-8.7","-47"
"Irvin, Jake",663623,2024,"187.2",20.3,6.8,".314",".320",9.2,39.1,"77.537675273","94.341422273",22.3,48.5,"93.9","-16.6","85.9","6","-33.9","88.4","2225","-16","-30.4","81.1","12","-44.4","93.3","-16.5","-24.7","89.9","-0.5","-26",,,,,,,,,
"Wheeler, Zack",554430,2024,"200.0",28.5,6.6,".256",".261",8.3,33.6,"74.93491968","93.046728036",27.5,51.2,"95.3","-15.5",,,,,,,,"81.8","8.6","-49.8","94.6","-17.2","-23.9","91.1","0.9","-24.3","86.2","-12.8","-31.4","85","9.8","-33.9",,,
"Nola, Aaron",605400,2024,"199.1",24,6.1,".310",".299",7.2,38.2,"77.265343569","94.038174053",25.2,48.6,"92.5","-17.4",,,,"85.7","1558","-15.3","-34","79.1","14","-53.9","91.5","-16.9","-24.1","87.5","-1.3","-27.1",,,,,,,,,
"Glasnow, Tyler",607192,2024,"134.0",32.2,6.7,".258",".254",8.5,40.1,"78.136298153","94.139426422",30.9,48.4,"96.3","-13.1","90","2.5","-33.1",,,,,"83.7","3.3","-51.1","96.6","-10.8","-14.9",,,,,,,,,,,,
"Quantrill, Cal",615698,2024,"148.1",16.8,10.5,".358",".351",7.3,41.2,"77.92321026","94.354738243",21.6,45.7,"93.9","-16.9","84","3.6","-38.4","84.9","1555","-11.5","-29.8","79.4","2.9","-47.5","93.8","-15.2","-17.6","87.7","3.2","-30.3","86.6","-9.3","-31.8",,,,,,
"López, Reynaldo",625643,2024,"135.2",27.3,7.7,".271",".307",8.8,42.2,"79.439650977","94.317767471",27.5,49,"95.5","-13.6","85","5.5","-39.6","86.1","1561","-10.2","-25.8","77","7","-54",,,,,,,,,,,,,,,
"Lively, Ben",594902,2024,"151.0",18.7,7.8,".315",".309",6.5,41.5,"80.455663231","94.191914792",18.6,46.6,"89.9","-18.5","80.7","6","-34","83.9","1701","-15","-31.3","76.9","9","-51.2","90.4","-13.2","-21.7",,,,,,,"79","10.7","-41.1",,,
"Bassitt, Chris",605135,2024,"171.0",22.2,9.2,".331",".327",7.5,37.1,"75.64419492","94.077816493",21.7,45,"92.6","-18.8","82.5","6.8","-41","84.5","1930","-17.2","-31","71","15.3","-67.7","92.5","-16.5","-23.9","89.6","0","-24.8","84.1","-13.2","-38.5","74.1","17.5","-51.4",,,
"Webb, Logan",657277,2024,"204.2",20.5,5.9,".288",".320",7,46.2,"77.927662825","95.233452829",20.8,46.2,"92.6","-22.5",,,,"87.4","1460","-9.9","-40.4",,,,"92.6","-15.1","-30.9","91","-1.2","-25.2",,,,"83.8","16.4","-39.9",,,
"Berríos, José",621244,2024,"192.1",19.5,6.9,".308",".334",7.8,41.8,"79.087839143","94.188449928",21.1,46.7,"94.1","-16",,,,"84.8","1588","-14.5","-33.4",,,,"93.4","-15.8","-20.4","91.4","-1.4","-21.3",,,,,,,"83.2","15.1","-44.7"
"Houck, Tanner",656557,2024,"178.2",20.7,6.5,".276",".313",5.7,41.8,"78.489312385","94.430703969",22.6,46.8,"95.1","-23.5",,,,,,,,,,,"93.5","-16","-30.9","87.1","0.5","-35.2","88.4","-13.5","-37.9","83.2","16.7","-41.7",,,
"Imanaga, Shota",684007,2024,"173.1",25.1,4,".279",".286",8.6,39.3,"77.586230864","93.931424733",28.3,55.7,"91.7","-14.4","82","-0.7","-35.8","81.6","1670","11.9","-31.4","72.5","-8.9","-65.2","89","14.6","-24.9","89.8","0.4","-19.9","82.9","10.3","-33","81.6","-10.1","-38",,,
"Civale, Aaron",650644,2024,"161.0",21.6,7.5,".327",".309",7.3,39.4,"79.152007238","94.002413711",21.9,45.2,"92","-14","83.5","6.9","-40.3",,,,,"77.1","13","-63.8","92.6","-13.8","-19.2","88.1","3.8","-27.5","85.6","-16.1","-28.9","80.2","17.3","-45.1",,,
"Sánchez, Cristopher",650911,2024,"181.2",20.3,5.8,".290",".293",5.4,34.5,"75.18960646","93.870693047",24.3,51.6,,,"84.4","-1","-41.6","85.1","2018","17.9","-37.2",,,,"94.5","17.8","-23.2","84.9","-0.2","-35.2",,,,,,,,,
"Hendricks, Kyle",543294,2024,"130.2",15.3,7.6,".339",".336",7.4,33.4,"73.587198843","93.098027796",18.9,46.2,"87.7","-21",,,,"80.9","2170","-10.6","-33.4","74.3","14.9","-60.5","87.6","-13.4","-28.3",,,,,,,,,,,,
"Valdez, Framber",664285,2024,"176.1",24,7.8,".272",".287",5.3,45,"80.000726364","94.620557662",27.2,45,"94.8","-25.1","85.1","-3","-39.6","89.9","1677","14.8","-33.2","79.7","-11.1","-58.3","94.1","16.5","-24.8",,,,,,,,,,,,
"Gibson, Kyle",502043,2024,"169.2",20.9,9.4,".323",".338",9.2,39.1,"76.558654534","94.071640304",25.9,42.9,"91.4","-16.7",,,,"84.9","1712","-12.7","-33.2","78.3","6.4","-54.1","90.7","-13.2","-25.6","88.6","2.7","-25.9",,,,"80.7","12.5","-42.5",,,
"Burnes, Corbin",669203,2024,"194.1",23.1,6.1,".273",".284",6.7,31.6,"76.693803832","93.206229159",28.6,48.8,"96.3","-20.7","87.6","8.3","-36.7","89.2","2037","-14.1","-27.5","80.3","10","-55.6","97","-12.2","-18.7","95.3","2.4","-17.5",,,,"84.2","17","-39.7",,,
"Ryan, Joe",657746,2024,"135.0",27.3,4.3,".282",".264",8.5,36.6,"77.148522833","93.914347298",26.6,50.9,"94","-17.2","87.1","2.7","-31.5",,,,,,,,"92.9","-15.7","-24.3",,,,"88.5","-14.3","-34.8","81.3","15","-39.2",,,
"Ober, Bailey",641927,2024,"178.2",26.9,6.1,".282",".279",8.3,34.3,"76.699154464","93.270078151",29,52.4,"91.7","-15.7","86.2","3.6","-30.1","83.4","2038","-17","-33.7","76.1","8.3","-56.3",,,,,,,,,,"80.3","12.3","-44.7",,,
"Spence, Mitch",687765,2024,"151.1",19.4,6.8,".340",".314",8.4,41.7,"78.960464768","94.185021142",22.5,50.6,,,"84.3","14.8","-39.4","88.4","1449","-8.9","-31.4","80.4","11.3","-56","91.9","-8.2","-27.4","90.7","3.8","-27.4",,,,,,,,,
"Keller, Mitch",656605,2024,"178.0",21.5,6.5,".331",".320",7.2,39.3,"77.859026134","94.078079089",21.5,47.6,"94.5","-16.2","87.5","4.7","-34.6","89.8","2082","-16","-30.4","78.4","13.4","-58","93.3","-14.8","-22.9","90.4","3","-25.6",,,,"82.9","17.5","-40.1",,,
"Estes, Joey",683155,2024,"127.2",16.9,5,".333",".324",9.7,39.6,"79.114875902","94.154264829",19.2,55.5,"92.4","-15.5","81.7","5.6","-40.6","84.8","1661","-14.6","-29.3",,,,"90.7","-15.2","-20.6","86.4","3.8","-29.9",,,,"78.2","15.5","-38.9",,,
"López, Pablo",641154,2024,"185.1",25.6,5.3,".306",".297",8.2,37.5,"76.717040308","93.587928673",27,51.8,"95","-15.7",,,,"88.5","2108","-16.8","-28.3","82.4","6.6","-51","94.5","-13.8","-22.2",,,,,,,"84.5","12.7","-38.8",,,
"Littell, Zack",641793,2024,"156.1",21.5,4.7,".317",".321",9.6,39.2,"78.590295546","94.137344568",23.1,51.9,"92.4","-15.2","86.6","2.5","-29.4",,,,,,,,"91.6","-14.8","-19.3",,,,"83","-8.7","-38.6","79.5","14.2","-47.2",,,
"Lugo, Seth",607625,2024,"206.2",21.7,5.7,".278",".300",8,39,"77.299278949","93.994017356",22.5,46.7,"92.2","-16.6","86.7","4.2","-31.5","87.4","1856","-14.9","-31.3","79.8","14.6","-58","92.1","-15.3","-23.7","90.1","0.4","-21.8","85.8","-10.7","-32.4","81.7","14.1","-38.7","78.7","17.8","-52.1"
"Flexen, Chris",623167,2024,"160.0",17.4,8.9,".355",".333",8.1,37.4,"77.948608016","93.935523035",22.7,46,"91.3","-14.6","80.1","11","-45.8","81.3","1319","-11.7","-31.4","72","7.2","-69.1","91.9","-10.1","-10.6","87.4","7.6","-28",,,,,,,,,
"Singer, Brady",663903,2024,"179.2",22.3,7.1,".316",".331",8,41.7,"77.275001577","94.431135896",25.1,44.7,"91.7","-18.8","83","4.5","-40.5","88.1","2077","-14.7","-29.5",,,,"92.2","-14.3","-22.5","82.8","8.6","-30.9",,,,"82.1","10.7","-37.9",,,
"Gil, Luis",661563,2024,"151.2",26.8,12.1,".288",".302",9.5,37.4,"78.931048895","94.034939077",29,45.5,"96.6","-12.2","87.5","5.7","-28.9","91.6","1721","-15.1","-27.5",,,,"97.7","-5.2","-11.3",,,,,,,,,,,,
"Peralta, Freddy",642547,2024,"173.2",27.6,9.4,".305",".305",8.7,36.9,"75.95026724","93.640809751",31.1,46.9,"94.3","-14.2","81.5","7.6","-39.1","87.7","1731","-15.5","-31.3","78.1","4.6","-49.7","95.3","-5","-13.6",,,,,,,,,,,,
"Pérez, Martín",527048,2024,"135.0",18.1,8.3,".351",".353",8.6,41.5,"76.89241338","94.749829061",21,46,"91.5","-17.6","82.8","-2.8","-33.6","83.4","1672","14.4","-31.3","77.9","-3.5","-49.3","90.7","16","-23.3","87.9","0.8","-23",,,,,,,,,
"Lynn, Lance",458681,2024,"117.1",21.3,8.6,".314",".340",10.5,39.3,"77.577234686","94.259379457",24.1,48.4,"92.3","-19",,,,"84.8","1761","-13.9","-30.9","80.4","6.7","-50.9","91.1","-12.8","-24.8","88.1","1.7","-29.6",,,,"82","14.6","-41.2",,,
"Castillo, Luis",622491,2024,"175.1",24.3,6.5,".305",".306",8.5,41.9,"78.938131564","94.546516728",25.9,50.6,"95.6","-17.8","85.7","0.9","-36.3","88.1","1894","-17.2","-35.4",,,,"95.6","-18.3","-26",,,,,,,,,,,,
"Stone, Gavin",694813,2024,"140.1",20,6.4,".304",".307",6.4,36.2,"77.107440095","93.702925548",24.7,50.5,"94.9","-14","88.8","2.4","-33.6","87.5","1665","-13.8","-30.2","83.3","2.7","-45.6","95.3","-14.7","-17.9","92.3","-1.6","-20.5",,,,"87.7","8.6","-36",,,
"Lorenzen, Michael",547179,2024,"130.1",18.1,11,".303",".329",8,39.4,"76.902993817","94.185249946",22.8,44.7,"93.8","-15.5","85.2","3.6","-39.5","84.6","2020","-15.6","-29.2","81.7","4","-54.7","93.6","-16.1","-21.4","90.1","0.2","-25.7",,,,"82","13.2","-41",,,
"Mikolas, Miles",571945,2024,"171.2",16.9,3.5,".339",".331",8.1,42.3,"77.511449435","94.25374515",16.4,49.8,"93.2","-17.7","86.5","3.3","-33.3","85.6","1676","-14.2","-30.8","76.3","7.9","-61.5","92.4","-13.8","-22.6",,,,,,,"80.8","12.5","-43.6",,,
"Cannon, Jonathan",686563,2024,"124.1",17.4,7.7,".332",".322",7.3,36.3,"78.719188912","93.823911325",21.8,47.1,"94.3","-16.8",,,,"85.7","1710","-13.9","-36.7",,,,"93.3","-15.4","-26.8","90.2","-1.7","-25.4",,,,"81.9","12.5","-38.2",,,
"Assad, Javier",665871,2024,"147.0",19.4,9.9,".330",".340",8.8,39.8,"78.304060092","94.272452936",17.9,42.5,"91.5","-16.2","81.1","7.2","-42.5","83.7","1434","-12.7","-30.8","76.8","11.1","-56.4","91.4","-13.6","-21.7","87.9","3.6","-26.7",,,,"79.9","15","-42.9",,,
"Arrighetti, Spencer",681293,2024,"145.0",27.1,10.3,".332",".311",7.7,39.8,"77.934348615","94.124621851",27.7,47.2,"94.1","-15.7","82.9","6.2","-30.5","85.5","1675","-15","-32.6","78.4","14.6","-53.6","94.1","-15.7","-18.9","88.1","3.2","-27",,,,"80.8","14.7","-40.5",,,
"Kirby, George",669923,2024,"191.0",23,3,".287",".288",8.1,36.3,"78.774593274","93.753520357",24.1,53.4,"96","-14","87.2","7.7","-38.3",,,,,"83.4","8.6","-53.7","96","-15.8","-18.2","92.6","0","-23.5","86","-9.6","-35.6",,,,,,
"Taillon, Jameson",592791,2024,"165.1",18.5,4.9,".289",".311",7.2,38.8,"79.650003386","94.067909961",19.5,48.2,"92.3","-15.9",,,,"86","1899","-14.2","-27","79.6","9.9","-54.1","92.5","-12.8","-18.2","86.5","5.5","-28.1",,,,"80.4","15.7","-42",,,
"Ortiz, Luis",682847,2024,"135.2",19.2,7.6,".287",".320",8.8,37.7,"78.240775528","94.10121864",21,48.1,"95.9","-18.4","85.8","6.6","-34.8","90.6","1764","-16","-28.8",,,,"94.9","-15.7","-27.2","90.9","0.6","-25.5",,,,,,,,,
"Greene, Hunter",668881,2024,"150.1",27.7,9.3,".265",".271",5.2,32.5,"76.321243094","93.167150497",29.7,50.6,"97.6","-12.2","86.8","6.1","-32.3",,,,,"81.1","11.5","-42","100","-11.6","-13",,,,"87","-9.1","-31.7",,,,,,
"Flaherty, Jack",656427,2024,"162.0",29.9,5.9,".288",".292",7.7,35.9,"77.445862362","93.776478992",32.1,46.2,"93.3","-15.9","84.7","6.7","-35.9","85.7","1610","-12.1","-32.1","77.4","13.3","-54.5","90.3","-10.9","-25",,,,,,,,,,,,
"Nelson, Ryne",669194,2024,"150.2",20,5.4,".322",".315",7.5,41.6,"79.83287319","94.487586272",18.2,51.8,"95.2","-11.9","84.2","5.5","-40.3","83","1960","-15.2","-29.8","77.8","9.2","-53.2",,,,"91.2","1.2","-24.4",,,,"82.3","11.5","-40.3",,,
"Eovaldi, Nathan",543135,2024,"170.2",23.9,6,".291",".306",7.7,42.6,"77.906442017","94.485768718",26.8,52.2,"95.4","-18.5","86","5.1","-34.6",,,,,"76.7","9.2","-54.1",,,,"91.3","0.8","-24","88.4","-13.5","-34.6",,,,,,
"Gausman, Kevin",592332,2024,"181.0",21.4,7.4,".300",".333",9.7,42.4,"79.496181832","94.740771683",23.4,49.9,"94","-14.2","82.7","1.3","-36.2",,,,,,,,"93.3","-15.6","-19",,,,"86","-15.9","-30.9",,,,,,
"Pivetta, Nick",601713,2024,"145.2",28.9,6.1,".306",".291",10.1,38.9,"79.225758698","93.96201671",25.6,50.3,"93.9","-11.2","83.9","3.7","-43.9",,,,,"80","7.8","-58.2","92.7","-5.6","-11.2","88.3","4.6","-28.3",,,,"82.4","13.6","-36.4",,,
"Blanco, Ronel",669854,2024,"167.1",24.6,10.1,".276",".309",9.3,35.5,"78.14814367","93.702377385",29,48.6,"93.4","-12.9","86.4","2.2","-28.8","85.2","1485","-13.4","-32.5","80.1","9.5","-44.3",,,,,,,,,,,,,,,
"Steele, Justin",657006,2024,"134.2",24.3,6.7,".271",".258",4.2,33.2,"75.731326576","93.083319918",23.7,51.5,"91.6","-19.2","83.3","-12.3","-38.7","86.2","1636","12.3","-28.9","79.9","-10.7","-51","91.5","12.4","-22.8",,,,,,,,,,,,
"Gallen, Zac",668678,2024,"148.0",25.1,8.7,".301",".308",7.4,41,"79.81895601","94.40298237",26,44.2,"93.7","-14.3","86.9","5.4","-33.1","86.6","1533","-11.8","-31.4","81","4.8","-52.9","93.6","-2.7","-13.1","90.3","3.5","-23.9",,,,,,,,,